Fecha,Peso,Grasa_pct,FFMI
2026-02-20,75.0,16.268587333814466,21.729605363196942
